{
    "mode": "training",
    "policy_type": "AttentionPolicy4Toyota",
    "worker_type": "OffPolicyWorkerWithAttention",
    "evaluator_type": "EvaluatorWithAttention",
    "buffer_type": "normalWithAttention",
    "optimizer_type": "OffPolicyAsync",
    "off_policy": true,
    "env_id": "CrossroadEnd2endMix-v0",
    "max_step": 200,
    "obs_dim": 201,
    "act_dim": 2,
    "state_dim": 85,
    "other_start_dim": 21,
    "per_other_dim": 10,
    "other_number": 18,
    "alg_name": "AMPCWithAttention",
    "num_rollout_list_for_policy_update": [
        25
    ],
    "gamma": 1.0,
    "gradient_clip_norm": 10,
    "init_punish_factor": 20.0,
    "pf_enlarge_interval": 20000,
    "pf_amplifier": 1.0,
    "batch_size": 256,
    "worker_log_interval": 5,
    "explore_sigma": null,
    "max_buffer_size": 50000,
    "replay_starts": 1500,
    "replay_batch_size": 256,
    "replay_alpha": 0.6,
    "replay_beta": 0.4,
    "buffer_log_interval": 40000,
    "num_eval_episode": 2,
    "eval_log_interval": 1,
    "fixed_steps": 50,
    "eval_render": false,
    "value_model_cls": "MLP",
    "policy_model_cls": "MLP",
    "policy_lr_schedule": [
        0.0001,
        300000,
        2e-06
    ],
    "value_lr_schedule": [
        0.0003,
        300000,
        1e-06
    ],
    "num_hidden_layers": 2,
    "num_hidden_units": 256,
    "hidden_activation": "gelu",
    "deterministic_policy": true,
    "policy_out_activation": "tanh",
    "action_range": 1.0,
    "attn_model_cls": "Attention",
    "attn_in_per_dim": 10,
    "attn_in_total_dim": 180,
    "attn_out_dim": 64,
    "attn_lr_schedule": [
        0.0001,
        300000,
        2e-06
    ],
    "obs_scale": [
        0.2,
        0.0,
        2.0,
        0.03333333333333333,
        0.03333333333333333,
        0.005555555555555556,
        1.0,
        0.06666666666666667,
        0.2,
        1.0,
        1.0,
        1.0,
        1.0,
        1.0,
        1.0,
        1.0,
        1.0,
        1.0,
        1.0,
        1.0,
        1.0,
        0.03333333333333333,
        0.03333333333333333,
        0.2,
        0.005555555555555556,
        0.2,
        0.5,
        1.0,
        1.0,
        1.0,
        0.0,
        0.03333333333333333,
        0.03333333333333333,
        0.2,
        0.005555555555555556,
        0.2,
        0.5,
        1.0,
        1.0,
        1.0,
        0.0,
        0.03333333333333333,
        0.03333333333333333,
        0.2,
        0.005555555555555556,
        0.2,
        0.5,
        1.0,
        1.0,
        1.0,
        0.0,
        0.03333333333333333,
        0.03333333333333333,
        0.2,
        0.005555555555555556,
        0.2,
        0.5,
        1.0,
        1.0,
        1.0,
        0.0,
        0.03333333333333333,
        0.03333333333333333,
        0.2,
        0.005555555555555556,
        0.2,
        0.5,
        1.0,
        1.0,
        1.0,
        0.0,
        0.03333333333333333,
        0.03333333333333333,
        0.2,
        0.005555555555555556,
        0.2,
        0.5,
        1.0,
        1.0,
        1.0,
        0.0,
        0.03333333333333333,
        0.03333333333333333,
        0.2,
        0.005555555555555556,
        0.2,
        0.5,
        1.0,
        1.0,
        1.0,
        0.0,
        0.03333333333333333,
        0.03333333333333333,
        0.2,
        0.005555555555555556,
        0.2,
        0.5,
        1.0,
        1.0,
        1.0,
        0.0,
        0.03333333333333333,
        0.03333333333333333,
        0.2,
        0.005555555555555556,
        0.2,
        0.5,
        1.0,
        1.0,
        1.0,
        0.0,
        0.03333333333333333,
        0.03333333333333333,
        0.2,
        0.005555555555555556,
        0.2,
        0.5,
        1.0,
        1.0,
        1.0,
        0.0,
        0.03333333333333333,
        0.03333333333333333,
        0.2,
        0.005555555555555556,
        0.2,
        0.5,
        1.0,
        1.0,
        1.0,
        0.0,
        0.03333333333333333,
        0.03333333333333333,
        0.2,
        0.005555555555555556,
        0.2,
        0.5,
        1.0,
        1.0,
        1.0,
        0.0,
        0.03333333333333333,
        0.03333333333333333,
        0.2,
        0.005555555555555556,
        0.2,
        0.5,
        1.0,
        1.0,
        1.0,
        0.0,
        0.03333333333333333,
        0.03333333333333333,
        0.2,
        0.005555555555555556,
        0.2,
        0.5,
        1.0,
        1.0,
        1.0,
        0.0,
        0.03333333333333333,
        0.03333333333333333,
        0.2,
        0.005555555555555556,
        0.2,
        0.5,
        1.0,
        1.0,
        1.0,
        0.0,
        0.03333333333333333,
        0.03333333333333333,
        0.2,
        0.005555555555555556,
        0.2,
        0.5,
        1.0,
        1.0,
        1.0,
        0.0,
        0.03333333333333333,
        0.03333333333333333,
        0.2,
        0.005555555555555556,
        0.2,
        0.5,
        1.0,
        1.0,
        1.0,
        0.0,
        0.03333333333333333,
        0.03333333333333333,
        0.2,
        0.005555555555555556,
        0.2,
        0.5,
        1.0,
        1.0,
        1.0,
        0.0
    ],
    "reward_scale": 0.1,
    "reward_shift": 0.0,
    "max_sampled_steps": 0,
    "max_iter": 300000,
    "num_workers": 10,
    "num_learners": 12,
    "num_buffers": 10,
    "max_weight_sync_delay": 300,
    "grads_queue_size": 20,
    "eval_interval": 5000,
    "save_interval": 5000,
    "log_interval": 500,
    "result_dir": "./results/CrossroadEnd2endMix-v0/experiment-2021-12-16-00-54-59",
    "log_dir": "./results/CrossroadEnd2endMix-v0/experiment-2021-12-16-00-54-59/logs",
    "model_dir": "./results/CrossroadEnd2endMix-v0/experiment-2021-12-16-00-54-59/models",
    "model_load_dir": "./results/CrossroadEnd2endMix-v0/experiment-2021-12-15-10-36-37/models",
    "model_load_ite": 180000
}